<?xml version="1.0" encoding="UTF-8"?>
    <addon id="repository.Elham-Horowitz" name="Elham-Horowitz Repo" version="1.0.0" provider-name="Elham-Horowitz">
        <requires>
            <import addon="xbmc.addon" version="12.0.0"/>
        </requires>
        <extension point="xbmc.addon.repository" name="Elham-Horowitz Repo">
            <info compressed="false">https://raw.githubusercontent.com/Elham-Horowitz/WCO-Horowitz-Edit_/WCO-Horowitz-Edit/addons.xml</info>
            <checksum>https://raw.githubusercontent.com/Elham-Horowitz/WCO-Horowitz-Edit_/WCO-Horowitz-Edit/addons.xml.md5</checksum>
            <datadir zip="true">https://raw.githubusercontent.com/Elham-Horowitz/WCO-Horowitz-Edit_/WCO-Horowitz-Edit/</datadir>
            <hashes>false</hashes>
        </extension>
        <extension point="xbmc.addon.metadata">
            <summary>Elham-Horowitz Repo</summary>
            <description>Blah Blah Blah</description>
            <platform>all</platform>
    </extension>
</addon>