<?xml version="1.0" encoding="UTF-8" standalone="yes"?>
<addon id="plugin.video.watchcartoononline_horowitz" name="WatchCartoonOnline - Horowitz Edit" version="0.0.1" provider-name="horowitz">
  <requires>
    <import addon="xbmc.python" version="2.1.0"/>
    <import addon="script.module.addon.common" />
  </requires>
  <extension point="xbmc.python.pluginsource" library="addon.py">
    <provides>video</provides>
  </extension>
  <extension point="xbmc.addon.metadata">
    <summary lang="en">Video</summary>
    <description lang="en">Blah</description>
	<disclaimer lang="en">The author does not host or distribute any of the content displayed by this addon or have any affiliation with the website owners</disclaimer>
	<platform>all</platform>
  </extension>
</addon>
